{
    "accessory": [
        {
            "info": {
                "id": 1,
                "name": "Necklace",
                "level": 1
            },
            "stats": {
                "attackPower": 1,
                "spellPower": 1,
                "healingPower": 1,
                "health": 1,
                "defense": 1,
                "resistance": 1,
                "dodge": 0.1,
                "parry": 0.1
            }
        }
    ],
    "armor": [
        {
            "info": {
                "id": 3,
                "name": "Leather set",
                "level": 1
            },
            "stats": {
                "health": 100,
                "defense": 1
            }
        }
    ],
    "boots": [
        {
            "info": {
                "id": 6,
                "name": "Set of shoes",
                "level": 1
            },
            "stats": {
                "dodge": 0.1
            }
        }
    ],
    "helm": {},
    "potion": [],
    "weapon": [
        {
            "info": {
                "id": 10,
                "name": "Short sword",
                "level": 1
            },
            "stats": {
                "attackPower": 10,
                "criticalDamage": 0.1,
                "parry": 0.1,
                "energy": 1
            }
        }
    ]
}