{
  "enemy": {
      "demons": ["😈", "👿"],
      "ogres": ["👹", "👺"],
      "skeletons": ["💀", "☠️"],
      "zombies": ["🧟", "🧟‍♂️", "🧟‍♀️"],
      "beasts": ["😾", "🐺", "🦁", "🐯", "🐗", "🐮", "🐷", "🦝", "🐻", "🐻‍❄️", "🐲", "🦄", "🦍", "🦇", "🦅", "🐦‍🔥", "🐦‍⬛"],
      "reptiles": ["🐊", "🐍", "🦖", "🦕", "🦎"],
      "insects": ["🕷️", "🦂", "🐜"],
      "ocean": ["🦈", "🐋","🐡"],
      "villains": ["🦹‍♀️", "🦹‍♂️", "🦹"],
      "wizards": ["🧙‍♀️", "🧙‍♂️", "🧙"],
      "royalty": ["👸", "🤴", "🫅"],
      "guards": ["💂‍♀️", "💂‍♂️", "💂"],
      "fairies": ["🧚‍♀️", "🧚‍♂️", "🧚"],
      "vampires": ["🧛‍♀️", "🧛‍♂️", "🧛"],
      "merfolk": ["🧜‍♀️", "🧜‍♂️", "🧜"],
      "elves": ["🧝‍♀️", "🧝‍♂️", "🧝"],
      "other": ["👻", "🥷", "🏇", "👽", "🤖", "🧌", "⛄"]
  },
  "terrain": {
      "urban": ["🗼","🏫", "🏬", "🏭", "🏯", "🏰", "💒", "🏪", "🏩", "🏨", "🏦", "🏥", "🏤", "🏣", "🏢"],
      "religious": ["⛩", "🕍", "🛕", "🕌", "⛪", "🕋"],
      "houses": ["🏠", "🏡"],
      "nature": ["🌋", "🗻", "🌍", "🌲", "🌳", "🌴", "🌵"],
      "other": ["⛺","🪦"]
  }
}